{
  "usersLogin": [
    {
      "email": "anuj@gmail.com",
      "password": "123",
      "id": "ed69"
    },
    {
      "email": "admin@gmail.com",
      "password": "abc",
      "id": "28b6"
    },
    {
      "email": "amit@gmail.com",
      "password": "xyz",
      "id": "e295"
    },
    {
      "email": "admin@domin.com",
      "password": "password",
      "id": "7ab0"
    },
    {
      "email": "rahulk@gmail.com",
      "password": "rahul123",
      "id": "3ad8"
    }
  ],
  "countrystates": [
    {
      "country": "india",
      "state": [
        "jharkhand",
        "andhra pradesh",
        "bihar",
        "uttar pradesh",
        "punjab",
        "delhi"
      ],
      "id": "a69c"
    },
    {
      "country": "England",
      "state": [
        "London",
        "Oxford",
        "Bristol"
      ],
      "id": "7565"
    },
    {
      "country": "bangladesh",
      "state": [
        "dhaka",
        "chittagong",
        "rajshahi"
      ],
      "id": "2ac8"
    },
    {
      "country": "nepal",
      "state": [
        "bagmati",
        "gandaki",
        "lumbini"
      ],
      "id": "73a8"
    },
    {
      "country": "america",
      "state": [
        "california",
        "texas",
        "new york"
      ],
      "id": "3829"
    }
  ],
  "userData": [
    {
      "id": "1",
      "name": "anuj",
      "email": "anujk8499@gmail.com",
      "roleType": "admin",
      "gender": "male",
      "dob": "02/15/2024",
      "country": "india",
      "state": "jharkhand",
      "contact": "1234567891",
      "hobbies": [
        "singing",
        "dancing"
      ],
      "isChecked": false,
      "educationalDetail": [
        {
          "degree": "10th",
          "year": "2017",
          "marks": "90",
          "isEdit": false
        }
      ],
      "city": "ranchi",
      "pincode": "825311"
    },
    {
      "id": "2",
      "name": "amit",
      "email": "amit@gmail.com",
      "roleType": "admin",
      "gender": "male",
      "dob": "06/25/2023",
      "country": "india",
      "state": "uttar pradesh",
      "contact": "1234567891",
      "hobbies": [
        "singing",
        "sketing"
      ],
      "isChecked": false,
      "educationalDetail": [
        {
          "degree": "10th",
          "year": "2022",
          "marks": "90",
          "isEdit": false
        }
      ],
      "city": "lucknow",
      "pincode": "123457"
    },
    {
      "id": "4",
      "name": "pankaj",
      "email": "pankaj@gmail.com",
      "roleType": "candidate",
      "gender": "male",
      "dob": "02/08/2024",
      "country": "nepal",
      "state": "lumbini",
      "contact": "1236547895",
      "hobbies": [
        "singing",
        "dancing",
        "sketing",
        "playing",
        "videogame"
      ],
      "isChecked": false,
      "educationalDetail": [
        {
          "degree": "10th",
          "year": "2014",
          "marks": "88"
        }
      ],
      "city": "jaipur",
      "pincode": "785412"
    }
  ],
  "themeData": [
    {
      "id": "2",
      "name": "theme update",
      "color": "#fafafa",
      "backGroundColor": "#1976d2",
      "date": "05/06/2022",
      "image": "https://media.istockphoto.com/id/1345681613/vector/creative-people-logo-vector-illustration-design-editable-resizable-eps-10.jpg?s=612x612&w=0&k=20&c=9XUHICA1ljbxBcLw8ERp0kDDxLNQ8Bp2yR4aUSS6SBs=",
      "default": false,
      "isChecked": false
    },
    {
      "id": "110",
      "name": "theme 5",
      "color": "#fafafa",
      "backGroundColor": "#283593",
      "date": "03/12/2023",
      "image": "https://cdn.pixabay.com/photo/2016/12/27/13/10/logo-1933884_640.png",
      "default": false,
      "isChecked": false
    },
    {
      "id": "109",
      "name": "theme 8",
      "color": "#468e3e",
      "backGroundColor": "#ef6c00",
      "date": "08/06/2012",
      "image": "https://img.lovepik.com/element/45006/8218.png_860.png",
      "default": false,
      "isChecked": false
    },
    {
      "id": "108",
      "name": "themes 9",
      "color": "#ffa000",
      "backGroundColor": "#2e7d32",
      "date": "04/26/2022",
      "image": "https://media.istockphoto.com/id/1286680331/vector/adoption-and-community-care.jpg?s=612x612&w=0&k=20&c=ohbgHT14BhVVbVOc__N5MsBEfoM3EXwzLPxzIFeWHTI=",
      "default": false,
      "isChecked": false
    },
    {
      "id": "107",
      "name": "theme 3",
      "color": "#ffffff",
      "backGroundColor": "#2e7d32",
      "date": "10/25/2022",
      "image": "https://content.jdmagicbox.com/comp/mohali/q9/0172px172.x172.180531193902.q6q9/catalogue/codeinsight-technologies-pvt-ltd-industrial-area-phase-7-mohali-software-companies-vtvy4ag1j6.jpg",
      "default": false,
      "isChecked": false
    },
    {
      "id": "106",
      "name": "hello theme",
      "color": "#c0ca33",
      "backGroundColor": "#00acc1",
      "date": "08/02/2024",
      "image": "https://st2.depositphotos.com/4035913/6124/i/450/depositphotos_61243733-stock-illustration-business-company-logo.jpg",
      "default": false,
      "isChecked": false
    },
    {
      "id": "104",
      "name": "theme 3",
      "color": "#fff59d",
      "backGroundColor": "#43a047",
      "date": "10/25/2022",
      "image": "https://content.jdmagicbox.com/comp/mohali/q9/0172px172.x172.180531193902.q6q9/catalogue/codeinsight-technologies-pvt-ltd-industrial-area-phase-7-mohali-software-companies-vtvy4ag1j6.jpg",
      "default": false,
      "isChecked": false
    },
    {
      "id": "101",
      "name": "theme 3",
      "color": "#ffffff",
      "backGroundColor": "#689f38",
      "date": "10/25/2022",
      "image": "https://content.jdmagicbox.com/comp/mohali/q9/0172px172.x172.180531193902.q6q9/catalogue/codeinsight-technologies-pvt-ltd-industrial-area-phase-7-mohali-software-companies-vtvy4ag1j6.jpg",
      "default": false,
      "isChecked": false
    },
    {
      "id": "100",
      "name": "hello theme",
      "color": "#c0ca33",
      "backGroundColor": "#00acc1",
      "date": "08/02/2024",
      "image": "https://st2.depositphotos.com/4035913/6124/i/450/depositphotos_61243733-stock-illustration-business-company-logo.jpg",
      "default": false,
      "isChecked": false
    },
    {
      "id": "6",
      "name": "theme 11",
      "color": "#c0ca33",
      "backGroundColor": "#00bcd4",
      "date": "02/18/2024",
      "image": "abc.jpg",
      "default": false,
      "isChecked": false
    },
    {
      "id": "6",
      "name": "theme 11",
      "color": "#c0ca33",
      "backGroundColor": "#00bcd4",
      "date": "02/18/2024",
      "image": "abc.jpg",
      "default": false,
      "isChecked": false
    },
    {
      "id": "111",
      "name": "anuj",
      "color": "#cddc39",
      "backGroundColor": "#5d4037",
      "date": "02/19/2024",
      "image": "bc.jpg",
      "default": true,
      "isChecked": false
    },
    {
      "id": "112",
      "name": "manish",
      "color": "#689f38",
      "backGroundColor": "#fbc02d",
      "date": "02/19/2024",
      "image": "abc.jpg",
      "default": false,
      "isChecked": false
    },
    {
      "id": "undefined",
      "color": "#fdd835",
      "backGroundColor": "#00acc1",
      "image": "ABC.JPG",
      "name": "themenew",
      "default": false,
      "date": "02/22/2024",
      "isChecked": false
    }
  ],
  "hobbies": [
    {
      "name": "singing",
      "isSlected": false,
      "id": "95d7"
    },
    {
      "name": "dancing",
      "isSlected": false,
      "id": "9ac8"
    },
    {
      "name": "sketing",
      "isSlected": false,
      "id": "d7c2"
    },
    {
      "name": "playing",
      "isSlected": false,
      "id": "0909"
    },
    {
      "name": "videogame",
      "isSlected": false,
      "id": "35fa"
    }
  ]
}